{
    "customenv": {
        "task_1": {
            "mappo": {
                "seed_4": {
                    "absolute_metrics": {
                        "a1_return": [
                            1325.13037109375
                        ],
                        "a2_return": [
                            199.28802490234375
                        ],
                        "a3_return": [
                            1183.497314453125
                        ],
                        "a4_return": [
                            468.395751953125
                        ],
                        "return": [
                            790.28466796875
                        ]
                    },
                    "step_50": {
                        "step_count": 1000000,
                        "a1_return": [
                            1180.1435546875,
                            1195.0347900390625,
                            1100.1429443359375,
                            1150.084716796875,
                            1205.3544921875,
                            1180.1357421875,
                            1045.1455078125,
                            1150.14208984375,
                            1060.0008544921875,
                            1085.109619140625,
                            1265.2147216796875,
                            1225.053955078125,
                            1295.02099609375,
                            1150.395751953125,
                            1150.096923828125,
                            1325.13037109375,
                            1100.05419921875,
                            1260.207275390625,
                            1145.0291748046875,
                            1175.29931640625
                        ],
                        "a2_return": [
                            189.41433715820312,
                            174.14483642578125,
                            169.52772521972656,
                            149.61009216308594,
                            174.33282470703125,
                            148.98272705078125,
                            199.28802490234375,
                            164.3452606201172,
                            165.0099334716797,
                            159.02999877929688,
                            178.89547729492188,
                            184.07156372070312,
                            139.24551391601562,
                            164.0272216796875,
                            169.55731201171875,
                            184.11526489257812,
                            159.30152893066406,
                            174.6632080078125,
                            164.22097778320312,
                            174.50425720214844
                        ],
                        "a3_return": [
                            1023.4061279296875,
                            1048.4586181640625,
                            948.6029052734375,
                            1003.5252685546875,
                            1063.417724609375,
                            1083.955078125,
                            883.09033203125,
                            1028.5640869140625,
                            893.202392578125,
                            953.6188354492188,
                            1128.49951171875,
                            1078.3709716796875,
                            1163.7716064453125,
                            1018.554443359375,
                            1013.42041015625,
                            1183.497314453125,
                            958.4765625,
                            1093.3133544921875,
                            1008.5777587890625,
                            1023.5267333984375
                        ],
                        "a4_return": [
                            323.3802795410156,
                            343.3804626464844,
                            253.38905334472656,
                            323.396728515625,
                            358.3890380859375,
                            338.5039978027344,
                            188.38027954101562,
                            298.3899841308594,
                            238.4027862548828,
                            238.424560546875,
                            408.3890380859375,
                            373.3890380859375,
                            458.5174560546875,
                            298.38031005859375,
                            313.4871826171875,
                            468.395751953125,
                            258.3890380859375,
                            423.3802795410156,
                            298.3934326171875,
                            328.3919677734375
                        ],
                        "return": [
                            679.0860595703125,
                            690.254638671875,
                            617.9156494140625,
                            656.6542358398438,
                            700.37353515625,
                            687.8943481445312,
                            578.97607421875,
                            660.3602905273438,
                            589.1539916992188,
                            609.0457763671875,
                            745.249755859375,
                            715.221435546875,
                            764.138916015625,
                            657.8394775390625,
                            661.6405029296875,
                            790.28466796875,
                            619.0552978515625,
                            737.8910522460938,
                            654.0552978515625,
                            675.4305419921875
                        ]
                    }
                }
            }
        }
    }
}