{
    "customenv": {
        "task_1": {
            "mappo": {
                "seed_4": {
                    "absolute_metrics": {
                        "a1_return": [
                            1378.072998046875
                        ],
                        "a2_return": [
                            1392.63037109375
                        ],
                        "a3_return": [
                            669.1823120117188
                        ],
                        "return": [
                            1146.628662109375
                        ]
                    },
                    "step_50": {
                        "step_count": 1000000,
                        "a1_return": [
                            1183.0521240234375,
                            1233.09912109375,
                            1238.0172119140625,
                            1363.090087890625,
                            1253.0406494140625,
                            1333.03515625,
                            1348.0927734375,
                            1128.046142578125,
                            1378.072998046875,
                            1323.11572265625,
                            1343.0830078125,
                            1303.0802001953125,
                            1328.11572265625,
                            1368.03857421875,
                            1228.07421875,
                            1158.012451171875,
                            1243.067138671875,
                            1263.020263671875,
                            1298.0517578125,
                            1303.087646484375
                        ],
                        "a2_return": [
                            1198.603271484375,
                            1246.89111328125,
                            1252.40380859375,
                            1377.003173828125,
                            1266.300048828125,
                            1346.7618408203125,
                            1362.767822265625,
                            1143.3382568359375,
                            1392.63037109375,
                            1337.444580078125,
                            1357.3536376953125,
                            1317.187744140625,
                            1342.73876953125,
                            1381.75,
                            1243.097900390625,
                            1172.458740234375,
                            1257.1123046875,
                            1276.484130859375,
                            1311.69189453125,
                            1316.6519775390625
                        ],
                        "a3_return": [
                            555.5584716796875,
                            532.00244140625,
                            526.7225341796875,
                            655.7647705078125,
                            552.0350341796875,
                            627.6643676757812,
                            640.2103271484375,
                            467.47052001953125,
                            669.1823120117188,
                            614.0711669921875,
                            640.445556640625,
                            596.5557861328125,
                            645.2584228515625,
                            667.2606811523438,
                            547.685546875,
                            455.10296630859375,
                            535.3186645507812,
                            558.7921142578125,
                            620.6986083984375,
                            620.2420654296875
                        ],
                        "return": [
                            979.0712890625,
                            1003.99755859375,
                            1005.7145385742188,
                            1131.95263671875,
                            1023.7919921875,
                            1102.487060546875,
                            1117.023681640625,
                            912.9515991210938,
                            1146.628662109375,
                            1091.5438232421875,
                            1113.62744140625,
                            1072.274658203125,
                            1105.3709716796875,
                            1139.0164794921875,
                            1006.285888671875,
                            928.5247802734375,
                            1011.8327026367188,
                            1032.7655029296875,
                            1076.814208984375,
                            1079.9940185546875
                        ]
                    }
                }
            }
        }
    }
}