{
    "customenv": {
        "task_1": {
            "mappo": {
                "seed_4": {
                    "absolute_metrics": {
                        "a1_return": [
                            1486.6240234375
                        ],
                        "a2_return": [
                            1469.2230224609375
                        ],
                        "a3_return": [
                            743.4053344726562
                        ],
                        "return": [
                            1233.0574951171875
                        ]
                    },
                    "step_50": {
                        "step_count": 1000000,
                        "a1_return": [
                            1485.7958984375,
                            1486.217529296875,
                            1485.83203125,
                            1455.8974609375,
                            1485.6536865234375,
                            1465.5155029296875,
                            1481.1510009765625,
                            1486.6240234375,
                            1439.420166015625,
                            1450.594482421875,
                            1465.800048828125,
                            1460.077880859375,
                            1471.15576171875,
                            1190.58251953125,
                            1436.3338623046875,
                            1465.9970703125,
                            1475.746826171875,
                            1470.239013671875,
                            1465.921875,
                            1486.2431640625
                        ],
                        "a2_return": [
                            1468.668701171875,
                            1468.7630615234375,
                            1469.2230224609375,
                            1438.8062744140625,
                            1468.3753662109375,
                            1448.2314453125,
                            1463.9990234375,
                            1469.21533203125,
                            1424.19921875,
                            1433.740966796875,
                            1448.840576171875,
                            1444.64599609375,
                            1453.1669921875,
                            1173.080078125,
                            1418.726806640625,
                            1448.684814453125,
                            1458.6500244140625,
                            1453.6798095703125,
                            1448.2012939453125,
                            1468.4375
                        ],
                        "a3_return": [
                            743.3106689453125,
                            743.2864990234375,
                            743.2864990234375,
                            713.2864990234375,
                            743.4053344726562,
                            728.2994995117188,
                            738.333984375,
                            743.3330078125,
                            698.3269653320312,
                            708.38232421875,
                            728.322998046875,
                            718.364013671875,
                            733.3253784179688,
                            448.3243408203125,
                            693.2953491210938,
                            733.350341796875,
                            733.3410034179688,
                            733.349609375,
                            723.306640625,
                            743.3407592773438
                        ],
                        "return": [
                            1232.591796875,
                            1232.7557373046875,
                            1232.7806396484375,
                            1202.6634521484375,
                            1232.4781494140625,
                            1214.015625,
                            1227.8280029296875,
                            1233.0574951171875,
                            1187.3154296875,
                            1197.5726318359375,
                            1214.3212890625,
                            1207.696044921875,
                            1219.216064453125,
                            937.3289794921875,
                            1182.785400390625,
                            1216.0107421875,
                            1222.579345703125,
                            1219.089599609375,
                            1212.4765625,
                            1232.673828125
                        ]
                    }
                }
            }
        }
    }
}