{
    "customenv": {
        "task_1": {
            "mappo": {
                "seed_4": {
                    "absolute_metrics": {
                        "a1_return": [
                            1613.3414306640625
                        ],
                        "a2_return": [
                            231.3716583251953
                        ],
                        "a3_return": [
                            1308.25341796875
                        ],
                        "a4_return": [
                            763.537841796875
                        ],
                        "a5_return": [
                            137.33731079101562
                        ],
                        "return": [
                            808.5545654296875
                        ]
                    },
                    "step_50": {
                        "step_count": 1000000,
                        "a1_return": [
                            1351.3189697265625,
                            1200.471923828125,
                            1266.100830078125,
                            1341.598388671875,
                            1501.6727294921875,
                            1250.5660400390625,
                            935.99462890625,
                            1241.08056640625,
                            850.8602294921875,
                            1377.33740234375,
                            1451.815185546875,
                            1342.939208984375,
                            1211.311279296875,
                            1306.7857666015625,
                            1426.792236328125,
                            1392.529296875,
                            1287.0701904296875,
                            1613.3414306640625,
                            1370.194091796875,
                            1235.495361328125
                        ],
                        "a2_return": [
                            221.43418884277344,
                            216.3599395751953,
                            211.23211669921875,
                            221.3299560546875,
                            221.293701171875,
                            206.31719970703125,
                            221.22976684570312,
                            216.31748962402344,
                            156.15359497070312,
                            176.32369995117188,
                            211.2656707763672,
                            216.33212280273438,
                            216.285400390625,
                            221.3483428955078,
                            231.3716583251953,
                            201.34788513183594,
                            161.22056579589844,
                            231.36083984375,
                            226.35946655273438,
                            226.4154052734375
                        ],
                        "a3_return": [
                            1113.3623046875,
                            938.302490234375,
                            973.1998291015625,
                            1093.240966796875,
                            1258.27783203125,
                            1033.278076171875,
                            678.3062744140625,
                            1018.20361328125,
                            623.312255859375,
                            1118.33544921875,
                            1153.237548828125,
                            1058.203857421875,
                            958.3414306640625,
                            1043.2666015625,
                            1163.23583984375,
                            1113.329833984375,
                            1023.2532348632812,
                            1308.25341796875,
                            1133.332275390625,
                            1023.39697265625
                        ],
                        "a4_return": [
                            658.537841796875,
                            573.537841796875,
                            603.537841796875,
                            613.537841796875,
                            728.537841796875,
                            623.537841796875,
                            423.537841796875,
                            603.537841796875,
                            408.5378112792969,
                            678.537841796875,
                            688.537841796875,
                            633.537841796875,
                            573.5311279296875,
                            618.537841796875,
                            668.537841796875,
                            658.537841796875,
                            618.537841796875,
                            763.537841796875,
                            658.537841796875,
                            608.537841796875
                        ],
                        "a5_return": [
                            131.81761169433594,
                            131.36351013183594,
                            125.9003677368164,
                            105.70712280273438,
                            131.04669189453125,
                            136.27992248535156,
                            121.29666900634766,
                            137.33731079101562,
                            120.46769714355469,
                            116.30322265625,
                            120.9034423828125,
                            115.84635925292969,
                            126.32052612304688,
                            126.83515167236328,
                            120.87449645996094,
                            116.62879180908203,
                            120.89237976074219,
                            126.27918243408203,
                            131.56442260742188,
                            131.34225463867188
                        ],
                        "return": [
                            695.294189453125,
                            612.0072021484375,
                            635.9942016601562,
                            675.0828857421875,
                            768.165771484375,
                            649.9957885742188,
                            476.07305908203125,
                            643.2953491210938,
                            431.8663024902344,
                            693.3675537109375,
                            725.1519165039062,
                            673.3718872070312,
                            617.1580200195312,
                            663.354736328125,
                            722.1624755859375,
                            696.4747924804688,
                            642.19482421875,
                            808.5545654296875,
                            703.9976196289062,
                            645.0375366210938
                        ]
                    }
                }
            }
        }
    }
}